{
    "title": "OpenVSP Wing Wind Tunnel Grid Fins",
    "modeldate":"4/19/25",
    "lengthunits":"meters",
    "angleunits":"radians",
    "massunits": "kilograms",

    "use_generic_aircraft":false,
    "aircraft_file":"brgr_model.py",

    "plav_mixing": true,

    "on_balloon": true,
    "gas_cf": 200,
    "burst_dia_ft": 42.7,

    "has_control":true,
    "trim_rudder": 0.000,
    "trim_aileron": 0.000,
    "trim_elevator": -0.1,
    "trim_throttle": 0.0,

    "init_alt": 10000.0,
    "init_vel": [ 0.0, 0.0,  0.0],
    "init_rot": [0.0, 0.0, 0.0],
    "init_lat": 0.702839063228,
    "init_lon": -1.28751267,
    "init_ori": [0.0, -89.9, 0.0],

    "wind_alt_profile": [0, 200],
    "wind_speed_profile": [0.0, 0.0],
    "wind_direction_profile": [0, 0],

    "mass": 1.8,
    "inertiatensor": [
        [0.039616, 0.0003565, -0.00026592],
        [0.0003565, 0.08273, 2.647e-5],
        [-0.00026592, 2.647e-5, 0.1192]
    ],

    "Sref": 0.14,
    "cref": 0.117475,
    "bref": 1.1684,
    
    "xcp_wrt_cm": [-0.01905, 0.0, -0.01905],

    "C_L0": 0.46,
    "C_La": 5.73,
    "C_Lmax": 1.3,
    "C_Lmin":-0.4,
    "C_D0": 0.020,
    "k2": 0.0362,
    "C_Db": 0.03667,

    "C_m0": -0.035,
    "C_ma": -0.52087,
    "C_mq": -4.5,
    "C_mbb": -4.92,

    "C_nb": -0.038197,
    "C_Yb":  -0.2005,
    "C_l" :  0.0,
    "C_lp": -0.58,
    "C_lr":  0.1,
    "C_np": -0.1,
    "C_nr": -0.04,


    "C_XYlutX":[-0.32883,-0.32652,-0.32423,-0.32173,-0.31869,-0.31511,-0.31161,-0.30879,-0.30679,-0.30503,-0.30298,-0.30033,-0.29742,-0.29446,-0.29134,-0.28782,-0.28398,-0.28052,-0.27794,-0.27652,-0.27592,-0.2758,-0.27574,-0.2755,-0.27493,-0.27384,-0.27229,-0.27031,-0.26822,-0.2661,-0.26403,-0.26194,-0.25996,-0.25811,-0.25639,-0.25457,-0.25272,-0.25098,-0.24938,-0.24768,-0.24573,-0.24356,-0.24153,-0.23967,-0.23795,-0.23616,-0.23435,-0.23262,-0.23122,-0.23007,-0.22907,-0.22788,-0.22629,-0.22435,-0.22222,-0.22001,-0.21765,-0.21499,-0.21223,-0.20936,-0.2066,-0.2038,-0.20121,-0.19875,-0.19649,-0.19441,-0.1926,-0.19119,-0.18996,-0.18856,-0.18664,-0.18405,-0.18125,-0.17832,-0.17564,-0.17307,-0.17048,-0.16774,-0.16483,-0.16203,-0.15948,-0.15696,-0.15423,-0.15134,-0.14862,-0.14659,-0.14535,-0.14486,-0.1445,-0.14367,-0.14207,-0.13976,-0.13723,-0.13455,-0.13189,-0.12922,-0.1266,-0.12395,-0.12123,-0.11844,-0.11568,-0.11275,-0.10958,-0.10614,-0.10292,-0.10041,-0.098784,-0.097812,-0.097029,-0.096005,-0.094436,-0.092357,-0.08993,-0.087501,-0.085006,-0.082448,-0.079732,-0.076996,-0.074385,-0.071949,-0.069606,-0.067059,-0.064322,-0.061524,-0.059118,-0.057298,-0.056038,-0.055069,-0.05397,-0.052507,-0.050597,-0.04841,-0.045996,-0.04349,-0.040926,-0.038494,-0.036285,-0.034222,-0.032095,-0.029733,-0.027149,-0.024743,-0.022734,-0.021253,-0.020123,-0.019181,-0.018321,-0.017476,-0.01647,-0.015183,-0.013401,-0.011293,-0.0088931,-0.0065107,-0.0039294,-0.0013768,0.0013768,0.0039294,0.0065107,0.0088931,0.011293,0.013401,0.015183,0.01647,0.017476,0.018321,0.019181,0.020123,0.021253,0.022734,0.024743,0.027149,0.029733,0.032095,0.034222,0.036285,0.038494,0.040926,0.04349,0.045996,0.04841,0.050597,0.052507,0.05397,0.055069,0.056038,0.057298,0.059118,0.061524,0.064322,0.067059,0.069606,0.071949,0.074385,0.076996,0.079732,0.082448,0.085006,0.087501,0.08993,0.092357,0.094436,0.096005,0.097029,0.097812,0.098784,0.10041,0.10292,0.10614,0.10958,0.11275,0.11568,0.11844,0.12123,0.12395,0.1266,0.12922,0.13189,0.13455,0.13723,0.13976,0.14207,0.14367,0.1445,0.14486,0.14535,0.14659,0.14862,0.15134,0.15423,0.15696,0.15948,0.16203,0.16483,0.16774,0.17048,0.17307,0.17564,0.17832,0.18125,0.18405,0.18664,0.18856,0.18996,0.19119,0.1926,0.19441,0.19649,0.19875,0.20121,0.2038,0.2066,0.20936,0.21223,0.21499,0.21765,0.22001,0.22222,0.22435,0.22629,0.22788,0.22907,0.23007,0.23122,0.23262,0.23435,0.23616,0.23795,0.23967,0.24153,0.24356,0.24573,0.24768,0.24938,0.25098,0.25272,0.25457,0.25639,0.25811,0.25996,0.26194,0.26403,0.2661,0.26822,0.27031,0.27229,0.27384,0.27493,0.2755,0.27574,0.2758,0.27592,0.27652,0.27794,0.28052,0.28398,0.28782,0.29134,0.29446,0.29742,0.30033,0.30298,0.30503,0.30679,0.30879,0.31161,0.31511,0.31869,0.32173,0.32423,0.32652,0.32883],
    "C_XlutY": [0.013445,0.013335,0.013202,0.01303,0.012866,0.012717,0.012543,0.012423,0.012333,0.012253,0.012166,0.01206,0.01194,0.011806,0.011658,0.011515,0.0113,0.011147,0.011053,0.011006,0.01099,0.010988,0.010978,0.010956,0.010912,0.01085,0.010776,0.010686,0.010591,0.010487,0.010367,0.010245,0.010128,0.010019,0.0099245,0.0098362,0.0097401,0.0096486,0.0095563,0.0094617,0.0093578,0.0092589,0.0091953,0.0091187,0.0090451,0.0089604,0.0088682,0.0087764,0.0087032,0.0086436,0.0085977,0.0085439,0.0084785,0.0083952,0.0083076,0.0082186,0.0081326,0.0080372,0.007936,0.0078277,0.0077277,0.0076364,0.0075561,0.0074776,0.0073964,0.0073113,0.0072142,0.007139,0.0070795,0.0070107,0.0069294,0.0068274,0.0067165,0.0066017,0.0064989,0.0064199,0.006356,0.006281,0.006195,0.0061021,0.0060141,0.0059366,0.0058645,0.0057882,0.0057162,0.0056594,0.0056293,0.005616,0.0056,0.0055704,0.0055232,0.0054667,0.0054061,0.005343,0.0052874,0.0052323,0.0051755,0.0051042,0.005028,0.0049626,0.004909,0.0048562,0.0048071,0.004757,0.0047083,0.0046501,0.0045989,0.0045589,0.0045417,0.0045335,0.0044885,0.0044532,0.0043963,0.0043362,0.0042686,0.0042112,0.0041636,0.0041221,0.0040833,0.0040418,0.0040042,0.0039596,0.0039264,0.0038926,0.0038598,0.00382,0.0037851,0.0037593,0.0037336,0.0037092,0.0036787,0.0036567,0.0036319,0.003609,0.0035773,0.003549,0.0035314,0.003507,0.0034885,0.0034868,0.0034695,0.0034432,0.0034273,0.0034287,0.0034344,0.0034463,0.0034473,0.0034432,0.0034282,0.0034043,0.003374,0.003344,0.0033184,0.0033019,0.0032941,0.0032914,0.0032914,0.0032941,0.0033019,0.0033184,0.003344,0.003374,0.0034043,0.0034282,0.0034432,0.0034473,0.0034463,0.0034344,0.0034287,0.0034273,0.0034432,0.0034695,0.0034868,0.0034885,0.003507,0.0035314,0.003549,0.0035773,0.003609,0.0036319,0.0036567,0.0036787,0.0037092,0.0037336,0.0037593,0.0037851,0.00382,0.0038598,0.0038926,0.0039264,0.0039596,0.0040042,0.0040418,0.0040833,0.0041221,0.0041636,0.0042112,0.0042686,0.0043362,0.0043963,0.0044532,0.0044885,0.0045335,0.0045417,0.0045589,0.0045989,0.0046501,0.0047083,0.004757,0.0048071,0.0048562,0.004909,0.0049626,0.005028,0.0051042,0.0051755,0.0052323,0.0052874,0.005343,0.0054061,0.0054667,0.0055232,0.0055704,0.0056,0.005616,0.0056293,0.0056594,0.0057162,0.0057882,0.0058645,0.0059366,0.0060141,0.0061021,0.006195,0.006281,0.006356,0.0064199,0.0064989,0.0066017,0.0067165,0.0068274,0.0069294,0.0070107,0.0070795,0.007139,0.0072142,0.0073113,0.0073964,0.0074776,0.0075561,0.0076364,0.0077277,0.0078277,0.007936,0.0080372,0.0081326,0.0082186,0.0083076,0.0083952,0.0084785,0.0085439,0.0085977,0.0086436,0.0087032,0.0087764,0.0088682,0.0089604,0.0090451,0.0091187,0.0091953,0.0092589,0.0093578,0.0094617,0.0095563,0.0096486,0.0097401,0.0098362,0.0099245,0.010019,0.010128,0.010245,0.010367,0.010487,0.010591,0.010686,0.010776,0.01085,0.010912,0.010956,0.010978,0.010988,0.01099,0.011006,0.011053,0.011147,0.0113,0.011515,0.011658,0.011806,0.01194,0.01206,0.012166,0.012253,0.012333,0.012423,0.012543,0.012717,0.012866,0.01303,0.013202,0.013335,0.013445],