{
    "title": "OpenVSP Wing Wind Tunnel Grid Fins",
    "modeldate":"4/19/25",
    "lengthunits":"meters",
    "angleunits":"radians",
    "massunits": "kilograms",

    "use_generic_aircraft":false,
    "aircraft_file":"brgr_model.py",

    "plav_mixing": true,

    "has_control":true,
    "trim_rudder": 0.0,
    "trim_aileron": 0.0,
    "trim_elevator": 0.0,
    "trim_throttle": 0.0,

    "init_alt": 120.0,
    "init_vel": [ 1.59689167e+01, -5.98447785e-04,  9.96844721e-01],
    "init_rot": [0.0, 0.0, 0.0],
    "init_lat": 0.7038736595,
    "init_lon": -1.303283080,
    "init_ori": [0.0, 0.0, 0.0],

    "wind_alt_profile": [0, 200],
    "wind_speed_profile": [0.0, 0.0],
    "wind_direction_profile": [0, 0],

    "mass": 1.8,
    "inertiatensor": [
        [0.039616, 0.0003565, -0.00026592],
        [0.0003565, 0.08273, 2.647e-5],
        [-0.00026592, 2.647e-5, 0.1192]
    ],

    "Sref": 0.14,
    "cref": 0.117475,
    "bref": 1.1684,
    
    "xcp_wrt_cm": [-0.00254, 0.0, -0.0254],

    "C_L0": 0.0,
    "C_La": 0.0,
    "C_Lmax": 0.0,
    "C_Lmin": 0.0,
    "C_D0": 0.0,
    "k2": 0.0,
    "C_Db": 0.0,

    "C_m0": 0.0,
    "C_ma": 0.0,
    "C_mq": 0.0,
    "C_mbb": 0.0,

    "C_nb": 0.0,
    "C_Yb": 0.0,
    "C_l" : 0.0,
    "C_lp": 0.0,
    "C_lr": 0.0,
    "C_np": 0.0,
    "C_nr": 0.0,

    "C_XYlutX": [-0.32772,-0.32382,-0.31951,-0.31487,-0.30987,-0.30479,-0.30055,-0.29783,-0.29652,-0.29548,-0.29367,-0.2906,-0.28679,-0.28271,-0.27839,-0.27348,-0.26798,-0.26262,-0.25831,-0.25576,-0.25473,-0.25461,-0.25474,-0.25484,-0.25487,-0.25456,-0.2537,-0.25208,-0.24989,-0.24748,-0.24516,-0.2429,-0.24086,-0.2389,-0.23719,-0.23551,-0.23389,-0.23233,-0.23074,-0.22883,-0.22647,-0.22359,-0.22047,-0.21727,-0.21435,-0.21179,-0.20973,-0.20803,-0.20698,-0.20643,-0.20627,-0.20584,-0.20488,-0.20317,-0.20104,-0.19859,-0.19592,-0.19298,-0.18978,-0.18649,-0.18326,-0.18021,-0.17722,-0.174,-0.17051,-0.16717,-0.16462,-0.16323,-0.16246,-0.16141,-0.15948,-0.1566,-0.15336,-0.14994,-0.14664,-0.14348,-0.14017,-0.13647,-0.13224,-0.12816,-0.12473,-0.12181,-0.11879,-0.11525,-0.11145,-0.10812,-0.10586,-0.1048,-0.10419,-0.10321,-0.10141,-0.098932,-0.09607,-0.092631,-0.088855,-0.084932,-0.08137,-0.078082,-0.074915,-0.071894,-0.068965,-0.065909,-0.062191,-0.058047,-0.054284,-0.051973,-0.051081,-0.050806,-0.050052,-0.048232,-0.045427,-0.042237,-0.039336,-0.036912,-0.034518,-0.031788,-0.028651,-0.025481,-0.022419,-0.019749,-0.017157,-0.014506,-0.01152,-0.0087059,-0.0066137,-0.0055657,-0.0050356,-0.004314,-0.00288,-0.00078421,0.0016304,0.0042297,0.0069268,0.0098107,0.012636,0.015245,0.017612,0.019998,0.022728,0.025653,0.028598,0.031067,0.033146,0.035004,0.036768,0.038439,0.039599,0.040202,0.040353,0.040637,0.041549,0.043171,0.045381,0.0477,0.050229,0.052717,0.05547,0.058087,0.060721,0.063167,0.065757,0.068351,0.071004,0.073293,0.075154,0.076241,0.076802,0.077015,0.07751,0.078614,0.080554,0.082896,0.085118,0.086918,0.088442,0.090181,0.092232,0.094488,0.096792,0.098918,0.10105,0.10283,0.10423,0.10506,0.10582,0.10704,0.10903,0.11162,0.11434,0.11712,0.11961,0.12206,0.12415,0.12635,0.12851,0.13081,0.13311,0.13549,0.13809,0.14052,0.14248,0.14345,0.14378,0.14401,0.14482,0.14649,0.14884,0.15156,0.15424,0.15696,0.15959,0.16239,0.16499,0.16755,0.16982,0.17182,0.1735,0.17493,0.17646,0.1784,0.18059,0.18273,0.18413,0.18481,0.18492,0.18485,0.18507,0.18579,0.18742,0.18968,0.19211,0.19424,0.1959,0.19741,0.199,0.20078,0.20266,0.20464,0.20671,0.20913,0.21151,0.21381,0.2157,0.21746,0.21915,0.22058,0.22166,0.22246,0.2235,0.22519,0.2274,0.22993,0.23223,0.23468,0.237,0.23938,0.24144,0.24341,0.24553,0.24771,0.24991,0.25187,0.25371,0.25547,0.25721,0.25897,0.26053,0.26155,0.26207,0.26258,0.26353,0.26499,0.26653,0.26802,0.26964,0.27154,0.27363,0.27558,0.27733,0.27907,0.28098,0.28291,0.28473,0.28655,0.28854,0.29088,0.29311,0.29499,0.29616,0.29673,0.297,0.29712,0.29729,0.29757,0.29843,0.29999,0.30215,0.30428,0.30621,0.30805,0.31005,0.31228,0.31458,0.31706,0.31974,0.32267,0.32544,0.32751,0.3286,0.32895,0.32921,0.32993],
    "C_XlutY": [0.012042,0.011842,0.01159,0.011309,0.011094,0.010943,0.01074,0.010629,0.010569,0.010516,0.010433,0.010299,0.010128,0.0099448,0.0097604,0.0096154,0.0093158,0.0091008,0.0089488,0.0088676,0.0088376,0.0088463,0.0088554,0.0088671,0.0088698,0.0088659,0.0088443,0.0087899,0.0087143,0.0086216,0.0085284,0.0084352,0.0083514,0.0082768,0.0082124,0.0081607,0.0081116,0.0080594,0.007987,0.007893,0.0077803,0.0076593,0.0075834,0.007461,0.0073578,0.0072699,0.0072019,0.0071465,0.007111,0.0070858,0.0070767,0.0070603,0.0070361,0.0069871,0.0069238,0.0068488,0.0067743,0.0066961,0.0066081,0.0065162,0.0064257,0.0063489,0.006266,0.0061758,0.0060694,0.0059617,0.0058312,0.0057621,0.0057296,0.0056918,0.0056329,0.0055406,0.00543,0.0053084,0.0051865,0.0050863,0.004996,0.0049046,0.0047963,0.0046799,0.004578,0.0044927,0.0044181,0.0043264,0.0042253,0.0041315,0.0040743,0.0040494,0.0040329,0.0040101,0.0039713,0.0039209,0.0038669,0.0038054,0.0037507,0.0036909,0.0036375,0.0035859,0.0035387,0.0035135,0.0034933,0.0034783,0.003459,0.003446,0.0034423,0.0034362,0.0034344,0.0034208,0.0034109,0.0033982,0.0033377,0.0033313,0.0033238,0.0033159,0.0033081,0.0033001,0.0032914,0.0032973,0.0033147,0.0033414,0.0033627,0.0033744,0.0033979,0.003428,0.0034723,0.0035029,0.0035183,0.0035175,0.0035098,0.0035132,0.0035325,0.0035684,0.0036095,0.0036488,0.0036793,0.0037081,0.0037615,0.003788,0.0038292,0.0038781,0.0039369,0.0039778,0.0040117,0.0040401,0.0040642,0.0040965,0.0041191,0.004147,0.0041648,0.0041804,0.004196,0.0042241,0.0042644,0.0043148,0.0043763,0.0044316,0.0044964,0.0045572,0.0046341,0.0047177,0.0048091,0.0048973,0.0049734,0.0050369,0.0050846,0.0051208,0.0051413,0.0051499,0.0051625,0.0051882,0.0052537,0.0053474,0.0054408,0.005493,0.0055712,0.0056465,0.0057352,0.0058205,0.0059144,0.0059995,0.0060902,0.0061702,0.0062504,0.0063027,0.0063463,0.006397,0.0064822,0.0065925,0.0067023,0.0068001,0.0068901,0.0069909,0.0070874,0.0071971,0.0072921,0.007381,0.0074675,0.0075744,0.0077016,0.007814,0.0079202,0.0079845,0.008014,0.0080177,0.0080423,0.0081086,0.0082093,0.0083194,0.0084133,0.0085003,0.0085793,0.00867,0.008757,0.0088626,0.0089678,0.0090588,0.009119,0.0091694,0.0092258,0.0092905,0.0093577,0.0094204,0.0094759,0.0095124,0.0095279,0.0095296,0.0095324,0.0095523,0.0095953,0.0096562,0.0097257,0.0097954,0.0098695,0.0099389,0.010003,0.010061,0.010099,0.010156,0.01024,0.010348,0.010459,0.010571,0.010675,0.010775,0.010861,0.010942,0.011006,0.011069,0.011125,0.011192,0.011269,0.011375,0.011484,0.011609,0.011723,0.011836,0.011934,0.012037,0.012149,0.012266,0.012373,0.012464,0.012547,0.012641,0.012751,0.01288,0.012996,0.013078,0.013122,0.013152,0.013204,0.013281,0.013376,0.013471,0.013583,0.013714,0.013857,0.013982,0.014107,0.014249,0.0144,0.014551,0.014698,0.014814,0.014927,0.015052,0.015179,0.0153,0.015389,0.015446,0.015475,0.015488,0.01549,0.015502,0.015538,0.01563,0.01576,0.015901,0.016013,0.016097,0.016167,0.016244,0.016336,0.016442,0.016562,0.016692,0.016837,0.016984,0.017096,0.017159,0.017173,0.017192],