{
    "title": "OpenVSP Wing Wind Tunnel Grid Fins",
    "modeldate":"4/19/25",
    "hasgridfins":true,
    "lengthunits":"meters",
    "angleunits":"radians",
    "massunits": "kilograms",

    "useF16":false,

    "has_control":true,
    "init_control": [0.0,0.0,-0.75,0.0],

    "init_alt": 120,
    "init_vel": [0.0, 0.0, 0.1],
    "init_rot": [0.0, 0.0, 0.0],
    "init_lat": 0.7038736595,
    "init_lon": -1.303283080,
    "init_ori": [0.0, -89.9, 330.0],

    "wind_alt_profile": [0, 200],
    "wind_speed_profile": [0.0, 0.0],
    "wind_direction_profile": [0, 0],

    "mass": 1.8,
    "inertiatensor": [
        [0.039616, 0.0003565, -0.00026592],
        [0.0003565, 0.08273, 2.647e-5],
        [-0.00026592, 2.647e-5, 0.1192]
    ],

    "Sref": 0.13645134,
    "cref": 0.1143,
    "bref": 1.1938,
    
    "xcp_wrt_cm": [-0.0127, 0.0, 0.0],

    "C_L0": 0.46,
    "C_La": 5.73,
    "C_D0": 0.020,
    "k2": 0.0362,
    "C_Db": 0.03667,

    "C_m0": -0.09,
    "C_ma": -0.52087,
    "C_mq": -0.1,
    "C_mbb": 27.575,

    "C_nb": -0.038197,
    "C_Yb":  -0.2005,
    "C_l" :  0.0,
    "C_lp": -0.1,
    "C_lr": -0.1,
    "C_np": -0.1,
    "C_nr": -0.1,

    "C_XYlutX": [-0.15336,-0.14994,-0.14664,-0.14348,-0.14017,-0.13647,-0.13224,-0.12816,-0.12473,-0.12181,-0.11879,-0.11525,-0.11145,-0.10812,-0.10586,-0.1048,-0.10419,-0.10321,-0.10141,-0.098932,-0.09607,-0.092631,-0.088855,-0.084932,-0.08137,-0.078082,-0.074915,-0.071894,-0.068965,-0.065909,-0.062191,-0.058047,-0.054284,-0.051973,-0.051081,-0.050806,-0.050052,-0.048232,-0.045427,-0.042237,-0.039336,-0.036912,-0.034518,-0.031788,-0.028651,-0.025481,-0.022419,-0.019749,-0.017157,-0.014506,-0.01152,-0.0087059,-0.0066137,-0.0055657,-0.0050356,-0.004314,-0.00288,-0.00078421,0.0016304,0.0042297,0.0069268,0.0098107,0.012636,0.015245,0.017612,0.019998,0.022728,0.025653,0.028598,0.031067,0.033146,0.035004,0.036768,0.038439,0.039599,0.040202,0.040353,0.040637,0.041549,0.043171,0.045381,0.0477,0.050229,0.052717,0.05547,0.058087,0.060721,0.063167,0.065757,0.068351,0.071004,0.073293,0.075154,0.076241,0.076802,0.077015,0.07751,0.078614,0.080554,0.082896,0.085118,0.086918,0.088442,0.090181,0.092232,0.094488,0.096792,0.098918,0.10105,0.10283,0.10423,0.10506,0.10582,0.10704,0.10903,0.11162,0.11434,0.11712,0.11961,0.12206,0.12415,0.12635,0.12851,0.13081,0.13311,0.13549,0.13809,0.14052,0.14248,0.14345,0.14378,0.14401,0.14482,0.14649,0.14884,0.15156,0.15424,0.15696,0.15959,0.16239,0.16499,0.16755,0.16982,0.17182,0.1735,0.17493,0.17646,0.1784,0.18059,0.18273],
    "C_XlutY": [0.00543,0.0053084,0.0051865,0.0050863,0.004996,0.0049046,0.0047963,0.0046799,0.004578,0.0044927,0.0044181,0.0043264,0.0042253,0.0041315,0.0040743,0.0040494,0.0040329,0.0040101,0.0039713,0.0039209,0.0038669,0.0038054,0.0037507,0.0036909,0.0036375,0.0035859,0.0035387,0.0035135,0.0034933,0.0034783,0.003459,0.003446,0.0034423,0.0034362,0.0034344,0.0034208,0.0034109,0.0033982,0.0033377,0.0033313,0.0033238,0.0033159,0.0033081,0.0033001,0.0032914,0.0032973,0.0033147,0.0033414,0.0033627,0.0033744,0.0033979,0.003428,0.0034723,0.0035029,0.0035183,0.0035175,0.0035098,0.0035132,0.0035325,0.0035684,0.0036095,0.0036488,0.0036793,0.0037081,0.0037615,0.003788,0.0038292,0.0038781,0.0039369,0.0039778,0.0040117,0.0040401,0.0040642,0.0040965,0.0041191,0.004147,0.0041648,0.0041804,0.004196,0.0042241,0.0042644,0.0043148,0.0043763,0.0044316,0.0044964,0.0045572,0.0046341,0.0047177,0.0048091,0.0048973,0.0049734,0.0050369,0.0050846,0.0051208,0.0051413,0.0051499,0.0051625,0.0051882,0.0052537,0.0053474,0.0054408,0.005493,0.0055712,0.0056465,0.0057352,0.0058205,0.0059144,0.0059995,0.0060902,0.0061702,0.0062504,0.0063027,0.0063463,0.006397,0.0064822,0.0065925,0.0067023,0.0068001,0.0068901,0.0069909,0.0070874,0.0071971,0.0072921,0.007381,0.0074675,0.0075744,0.0077016,0.007814,0.0079202,0.0079845,0.008014,0.0080177,0.0080423,0.0081086,0.0082093,0.0083194,0.0084133,0.0085003,0.0085793,0.00867,0.008757,0.0088626,0.0089678,0.0090588,0.009119,0.0091694,0.0092258,0.0092905,0.0093577,0.0094204],
    "C_YlutY": [-0.01844,-0.018396,-0.018351,-0.018297,-0.018203,-0.018069,-0.017861,-0.017615,-0.017342,-0.017067,-0.01677,-0.016432,-0.016087,-0.015786,-0.015557,-0.015434,-0.015364,-0.015276,-0.015089,-0.014785,-0.01439,-0.013945,-0.013482,-0.013015,-0.012553,-0.012087,-0.011592,-0.011068,-0.010536,-0.010024,-0.0095069,-0.0089586,-0.0084254,-0.0080154,-0.0077874,-0.0076923,-0.0075911,-0.0073649,-0.0069659,-0.0065157,-0.0060714,-0.005659,-0.0052664,-0.0048624,-0.004444,-0.0040027,-0.0035478,-0.0031072,-0.0026965,-0.0022929,-0.0018665,-0.0014509,-0.001117,-0.0009274,-0.00083627,-0.00073295,-0.00052518,-0.0001957,0.00021681,0.00066053,0.0011192,0.0015419,0.001915,0.0022335,0.0025722,0.0030357,0.0034489,0.003857,0.0042303,0.0045621,0.0048832,0.0051973,0.0054891,0.0057134,0.0058577,0.0059483,0.0060133,0.0061138,0.0062821,0.0065491,0.006876,0.0072214,0.0075478,0.0078659,0.0082059,0.0085672,0.0089232,0.0092934,0.0096919,0.010122,0.010536,0.010908,0.011195,0.011363,0.011439,0.01145,0.011496,0.011624,0.011863,0.012159,0.012436,0.012724,0.013013,0.013329,0.013671,0.014017,0.014353,0.014673,0.014967,0.015218,0.0154,0.015498,0.015559,0.015654,0.015856,0.01616,0.016496,0.016805,0.01706,0.017289,0.017506,0.017715,0.017918,0.018099,0.01828,0.01846,0.018648,0.018811,0.01893,0.018989,0.019025,0.019037,0.019082,0.019144,0.019241,0.019337,0.019427,0.019507,0.019577,0.019653,0.019733,0.019825,0.019885,0.019935,0.01995,0.019975,0.019985,0.019993,0.019986,0.019985]

}