{
    "modeldate":"1/10/25",
    "hasgridfins":false,
    "lengthunits":"meters",
    "angleunits":"radians",
    "massunits": "kilograms",

    "useF16":false,

    "init_alt": 120,
    "init_vel": [20, 0, 0.1],
    "init_rot": [0, 0.0, 0.0],
    "init_lat": 0.0,
    "init_lon": 0.0,

    "wind_alt_profile": [0, 0],
    "wind_speed_profile": [0, 0],
    "wind_direction_profile": [0, 0],

    "mass": 1.8,
    "inertiatensor": [
        [0.039616, 0.0003565, -0.00026592],
        [0.0003565, 0.08273, 2.647e-5],
        [-0.00026592, 2.647e-5, 0.1192]
    ],

    "cref": 0.1778,
    "bref": 1.1938,
    "Sref": 0.2274,

    "alpha_max": 0.261799,
    "alpha_min":-0.174533,
    "beta_max":  0.174533,
    "beta_min": -0.174533,

    "C_L0": 0.384,
    "C_La": 4.446,
    "C_D0": 0.0088,
    "k2": 0.055,

    "C_M0": 0.055,
    "C_Ma": 0.1432,
    "C_Mq": 0

}