{
    "title": "OpenVSP Wing Wind Tunnel Grid Fins",
    "modeldate":"4/19/25",
    "hasgridfins":true,
    "lengthunits":"meters",
    "angleunits":"radians",
    "massunits": "kilograms",

    "useF16":false,

    "has_control":true,
    "init_control": [0.0,0.0,0.0,0.0],

    "init_alt": 120,
    "init_vel": [20.0, 0.0, 0.1],
    "init_rot": [0.0, 0.0, 0.0],
    "init_lat": 0.0,
    "init_lon": 0.0,
    "init_ori": [0.0, -1.0, 0.0],

    "wind_alt_profile": [0, 0],
    "wind_speed_profile": [0, 0],
    "wind_direction_profile": [0, 0],

    "mass": 1.8,
    "inertiatensor": [
        [0.039616, 0.0003565, -0.00026592],
        [0.0003565, 0.08273, 2.647e-5],
        [-0.00026592, 2.647e-5, 0.1192]
    ],

    "Sref": 0.13645134,
    "cref": 0.1143,
    "bref": 1.1938,
    
    "xcp_wrt_cm": [-0.0127, 0.0, 0.0],

    "C_L0": 0.46,
    "C_La": 5.73,
    "C_D0": 0.020,
    "k2": 0.0362,
    "C_Db": 0.03667,

    "C_m0": 0.02,
    "C_ma": -0.52087,
    "C_mq": -0.1,
    "C_mbb": 27.575,

    "C_nb": -0.038197,
    "C_Yb":  -0.2005,
    "C_l" :  0.0,
    "C_lp": -0.1,
    "C_lr": -0.1,
    "C_np": -0.1,
    "C_nr": -0.1,

    "C_XYlutX": [-0.0028304,-0.0027707,-0.0027131,-0.002658,-0.0026003,-0.0025357,-0.0024618,-0.0023907,-0.0023307,-0.0022799,-0.002227,-0.0021653,-0.002099,-0.0020409,-0.0020014,-0.001983,-0.0019724,-0.0019552,-0.0019238,-0.0018805,-0.0018306,-0.0017706,-0.0017046,-0.0016362,-0.001574,-0.0015166,-0.0014613,-0.0014086,-0.0013575,-0.0013042,-0.0012393,-0.0011669,-0.0011013,-0.0010609,-0.0010454,-0.0010406,-0.0010274,-0.00099564,-0.00094669,-0.000891,-0.00084038,-0.00079807,-0.00075629,-0.00070863,-0.00065388,-0.00059857,-0.00054511,-0.00049852,-0.00045328,-0.00040701,-0.0003549,-0.00030578,-0.00026926,-0.00025097,-0.00024172,-0.00022912,-0.0002041,-0.00016752,-0.00012538,-8.001e-05,-3.2936e-05,1.7397e-05,6.6699e-05,0.00011224,0.00015355,0.0001952,0.00024284,0.0002939,0.00034531,0.00038839,0.00042467,0.00045711,0.00048789,0.00051706,0.00053729,0.00054782,0.00055046,0.00055542,0.00057134,0.00059965,0.00063821,0.00067869,0.00072282,0.00076625,0.00081431,0.00085999,0.00090596,0.00094864,0.00099385,0.0010391,0.0010854,0.0011254,0.0011579,0.0011768,0.0011866,0.0011903,0.001199,0.0012183,0.0012521,0.001293,0.0013318,0.0013632,0.0013898,0.0014201,0.0014559,0.0014953,0.0015355,0.0015726,0.0016098,0.0016408,0.0016653,0.0016798,0.0016931,0.0017144,0.0017491,0.0017943,0.0018418,0.0018903,0.0019338,0.0019764,0.002013,0.0020514,0.0020891,0.0021293,0.0021693,0.002211,0.0022563,0.0022988,0.0023329,0.0023498,0.0023556,0.0023595,0.0023737,0.0024029,0.002444,0.0024913,0.0025381,0.0025857,0.0026316,0.0026805,0.0027257,0.0027705,0.00281,0.002845,0.0028743,0.0028993,0.002926,0.0029598,0.002998,0.0030354],
    "C_XlutY": [0.0023619,0.0023183,0.0022716,0.0022444,0.0022355,0.0022384,0.0022437,0.0022405,0.0022401,0.0022444,0.0022622,0.0022747,0.002281,0.002279,0.0022845,0.0022906,0.0022918,0.0022945,0.0023045,0.0023244,0.0023545,0.0023887,0.0024335,0.0024722,0.0025078,0.0025382,0.0025703,0.0026216,0.0026741,0.0027294,0.002785,0.0028492,0.0029136,0.0029514,0.0029696,0.0029631,0.0029651,0.0029799,0.0029621,0.0030018,0.0030348,0.0030601,0.0030822,0.0031045,0.0031268,0.003162,0.0032059,0.0032545,0.0032946,0.003323,0.0033621,0.0034047,0.0034568,0.003491,0.003508,0.0035091,0.0035048,0.003512,0.003534,0.0035704,0.0036096,0.0036448,0.0036697,0.0036919,0.0037372,0.0037511,0.0037776,0.0038091,0.0038492,0.0038725,0.003889,0.0038999,0.0039064,0.0039231,0.0039347,0.0039561,0.0039701,0.0039797,0.0039832,0.0039909,0.0040039,0.0040239,0.004053,0.0040752,0.0041024,0.0041234,0.0041587,0.0041993,0.0042427,0.0042781,0.0042997,0.0043137,0.0043213,0.0043334,0.004342,0.0043473,0.0043506,0.0043538,0.004378,0.0044197,0.0044616,0.0044682,0.0045032,0.004529,0.0045599,0.0045825,0.004613,0.0046376,0.0046698,0.0046998,0.0047415,0.0047715,0.0047974,0.0048197,0.0048533,0.0048903,0.0049197,0.004937,0.0049561,0.0049883,0.0050222,0.0050671,0.0050988,0.0051248,0.0051485,0.0051893,0.0052395,0.0052826,0.0053347,0.0053719,0.0053899,0.0053875,0.0053908,0.005417,0.0054589,0.0055019,0.0055287,0.0055484,0.0055641,0.0055877,0.0056106,0.0056498,0.0056985,0.0057388,0.0057604,0.0057751,0.0057967,0.0058192,0.0058425,0.0058627],
    "C_YlutY": [-0.020266,-0.020191,-0.020116,-0.020036,-0.019914,-0.01975,-0.019508,-0.01923,-0.018933,-0.01864,-0.018327,-0.017973,-0.01761,-0.017291,-0.01706,-0.016933,-0.01686,-0.01677,-0.016582,-0.016278,-0.015881,-0.015427,-0.014951,-0.014471,-0.014001,-0.013531,-0.013035,-0.012511,-0.011979,-0.011462,-0.010932,-0.010369,-0.0098239,-0.0094081,-0.0091799,-0.0090869,-0.0089843,-0.0087479,-0.008337,-0.0078676,-0.0074084,-0.0069889,-0.0065984,-0.0062004,-0.0057892,-0.0053489,-0.0048854,-0.0044268,-0.0039927,-0.0035658,-0.00312,-0.0026896,-0.0023456,-0.0021505,-0.002057,-0.0019509,-0.0017352,-0.0013882,-0.00094839,-0.00047633,1.8917e-06,0.0004254,0.0007868,0.0010885,0.0014134,0.0018821,0.0023119,0.0027371,0.0031217,0.003452,0.0037661,0.0040724,0.0043626,0.0045888,0.0047346,0.0048294,0.0049043,0.0050211,0.0052058,0.0054886,0.0058325,0.0061973,0.006541,0.0068698,0.0072194,0.0075912,0.0079605,0.0083439,0.0087595,0.0092111,0.0096477,0.010034,0.010329,0.010502,0.010583,0.010599,0.010654,0.010795,0.011059,0.011387,0.011708,0.012,0.01229,0.012613,0.012971,0.013338,0.01369,0.01402,0.014316,0.014567,0.01475,0.014852,0.014918,0.015022,0.015235,0.015555,0.015906,0.016233,0.016504,0.016753,0.01699,0.017223,0.017442,0.017632,0.017817,0.018009,0.018249,0.018445,0.018589,0.018662,0.018702,0.018716,0.018764,0.018838,0.018954,0.01908,0.019204,0.01932,0.019418,0.019519,0.019621,0.019739,0.01983,0.019912,0.019956,0.020009,0.020046,0.020082,0.020101,0.020116]

}