{
    "modeldate":"3/13/25",
    "hasgridfins":false,
    "lengthunits":"meters",
    "angleunits":"radians",
    "massunits": "kilograms",

    "mass": 14.5939,
    "inertiatensor": [
        [4.88094461, 0.0, 0.0],
        [0.0, 4.88094461, 0.0],
        [0.0, 0.0, 4.88094461]
    ],

    "Sref": 0.0182414654525,
    "cref": 0.0,
    "bref": 0.0,
    

    "alplamax": 0.261799,
    "alplamin":-0.174533,
    "betamax":  0.174533,
    "betamin": -0.174533,

    "C_L0": 0.0,
    "C_La": 0.0,
    "C_D0": 0.1,
    "k2": 0.0,

    "C_m0": 0.0,
    "C_ma": 0.0,
    "C_mq": 0.0,

    "C_Y":  0.0,
    "C_l":  0.0,
    "C_lp": 0.0,
    "C_lr": 0.0,
    "C_np": 0.0,
    "C_nr": 0.0

}